"Title",Artist,Series,4BNM,4BHD,4BMX,4BSC,5BNM,5BHD,5BMX,5BSC,6BNM,6BHD,6BMX,6BSC,8BNM,8BHD,8BMX,8BSC
"고백, 꽃, 늑대",ReX,CE,1,3,6,0,1,6,0,10,1,4,7,0,1,3,7,10
"고백, 꽃, 늑대 part.2",ReX,BS,3,8,0,0,4,10,0,13,4,8,11,0,5,11,0,13
"내게로 와",CLAZZIQUAI,CE,3,5,8,12,4,0,8,13,2,7,9,0,4,8,12,0
"너에게",Sweetune,CE,3,6,0,14,2,0,8,14,2,5,9,0,2,7,0,0
"바람에게 부탁해",Forte Escape,P1,1,7,0,0,6,7,0,0,3,7,9,0,4,8,0,0
"바람에게 부탁해 ~Live Mix~",Forte Escape,P1,5,0,12,15,6,10,0,0,7,11,0,0,7,0,13,14
"바람의 기억",Forte Escape,TR,3,8,0,11,3,6,0,0,3,7,0,0,4,9,0,11
"비상 ~Stay With Me~",Mycin.T,RP,4,7,0,0,6,10,0,0,6,10,11,0,7,11,0,0
"설레임",ND Lee,P2,3,5,0,0,4,8,0,0,4,7,9,0,6,9,0,0
"설레임 Part.2",ND Lee,T3,2,4,8,12,5,8,0,0,4,0,10,0,6,0,11,0
"아침형 인간",ND Lee,P1,4,8,0,0,8,9,0,0,6,9,0,0,8,10,0,0
"염라",ampstyle,RP,5,12,0,0,6,10,0,15,5,9,13,15,5,10,13,0
"영원",BEXTER,CE,4,6,8,0,4,0,8,0,3,6,9,14,2,6,9,13
"유령",STi,T3,3,5,9,13,4,0,8,13,4,9,0,0,5,10,12,0
"태권부리",xxdbxx,P2,5,7,0,14,6,0,13,0,6,10,14,0,7,0,13,14
"피아노 협주곡 1번",Wav Factory,P1,5,10,0,0,7,11,0,15,7,11,0,15,7,11,0,0
"혜성",Mycin.T,RP,3,8,0,0,5,9,0,0,6,10,0,0,5,11,0,0
"2Nite",ND Lee,RP,3,6,0,0,4,9,0,0,3,8,0,0,4,8,0,0
"A Lie",makou,P2,2,5,0,0,5,9,0,0,4,6,12,0,7,9,0,0
"A Lie ~Deep Inside Mix~",Electronic Boutique,TR,4,9,0,0,6,0,11,0,4,11,0,0,6,10,0,0
"A Life With You",makou,T3,4,0,9,0,4,6,10,0,6,10,12,0,6,12,0,14
"A.I",Forte Escape,P1,4,9,0,0,8,12,0,14,7,11,13,0,8,10,0,14
"Access",Sphazer,T1,2,4,7,12,3,6,0,12,3,0,12,0,5,7,11,0
"AD2222",Croove,T3,5,8,11,0,6,9,14,15,6,10,13,15,6,10,12,0
"AD2222 ~Extended Mix~",Croove,T3,5,10,12,0,6,10,13,0,7,0,13,0,7,10,13,0
"Airwave",ReX,T2,5,9,12,15,6,9,13,0,7,0,14,15,7,11,13,0
"Airwave ~Extended Mix~",ReX,BS,8,10,13,0,7,10,14,0,6,12,14,0,7,10,13,0
"ALiCE",seibin,RP,4,8,12,0,5,9,11,14,5,9,11,15,5,10,12,0
"Alone",Marshmello,RP,6,10,0,0,4,8,0,0,5,8,12,0,5,8,12,0
"Always",YUGI / Mool,RP,4,7,0,0,6,9,0,0,5,10,0,0,6,10,0,0
"ANALYS",HAYAKO,RP,7,11,14,0,7,11,0,15,7,11,14,15,8,11,14,15
"Angel",Laurent Newfield & Ravenant,T3,4,9,12,0,6,10,12,0,6,9,13,0,6,10,12,14
"Angelic Sphere",3R2,DM,4,9,13,14,5,10,13,0,4,8,13,15,6,9,12,0
"ANiMA",xi,DM,6,9,14,15,8,13,15,15,7,13,15,15,8,12,15,0
"Another DAY",Forte Escape,P2,3,7,11,13,6,8,0,0,5,8,10,13,7,10,0,0
"Area 7",Sphazer,T1,4,0,10,0,4,7,10,0,5,7,11,0,4,7,12,0
"Armored Phantom",ned,RP,3,7,0,0,6,11,0,0,7,9,12,0,6,11,0,0
"Astro Fight",Forte Escape,P1,8,13,0,0,8,11,0,15,7,13,14,0,8,12,0,15
"Attack",Mr.Funky,VE,4,7,10,14,5,9,0,15,5,10,13,0,6,8,14,15
"AXION",sakuzyo,CY,4,0,12,0,5,12,0,14,5,11,13,15,5,13,0,0
"Bamboo on Bamboo",Sampling Masters MEGA,T3,8,12,15,15,6,12,15,0,7,12,15,15,8,12,15,0
"Barbarous Funera",Rikako Watanabe (Basicape),GF,4,8,11,0,5,9,12,0,6,9,12,15,7,0,13,15
"Beat U Down",makou,BS,8,12,14,0,8,10,14,0,9,12,14,15,8,10,14,0
"Beautiful Day",ND Lee,RP,3,6,8,0,4,8,0,0,2,8,0,0,4,8,0,0
"Become Myself",Kibum / Yohan,P3,3,6,0,13,3,7,0,0,4,8,0,14,5,10,0,0
"BEE-U-TIFUL",FIRST AID,T2,6,0,11,0,7,10,12,14,6,11,13,0,6,10,13,0
"Beyond the Future",7 Sequence,T1,4,8,11,14,4,8,11,0,4,9,12,0,4,9,12,15
"Beyond Yourself",Mycin.T,RP,6,9,0,0,6,10,0,0,7,9,12,0,6,11,0,0
"Binary World",Tsukasa,RP,5,8,13,0,5,7,13,15,9,12,13,0,5,7,13,15
"BLACK GOLD",Cranky,VE,6,11,13,0,6,12,14,15,6,12,14,15,6,11,14,0
"Black MInD",COSIO,GC,5,9,14,0,6,12,14,0,6,12,14,15,5,12,14,15
"Black Swan",TAK,T3,5,8,12,0,5,11,13,0,5,10,12,15,6,10,14,15
"BlackCat",BEXTER,RP,5,12,0,0,6,11,0,13,5,8,12,13,7,12,0,0
"Bleed",Axol & The Tech Thieves,RP,3,5,0,0,5,9,0,0,5,9,0,0,5,9,0,0
"BlythE",M2U,P1,6,10,14,0,6,11,0,15,8,11,14,15,7,0,14,0
"Boom!",BEXTER,RP,4,8,12,0,6,8,12,15,5,9,13,0,6,10,13,14
"Brain Storm",Croove,P2,6,11,0,15,7,13,15,0,9,14,0,0,8,13,15,15
"Brandnew Days",Planetboom,P2,3,8,0,0,6,8,0,0,7,10,11,0,7,10,0,0
"Brave it Out",BEXTER,P2,6,8,0,0,5,9,11,13,6,10,13,0,7,10,12,0
"Break a Spell",Daisuke Ishiwatari,GG,5,9,14,0,6,10,0,15,7,9,14,15,7,10,14,0
"Break!",Mr.Funky,P3,4,6,11,0,4,0,12,14,5,0,11,15,6,10,11,0
"Bright Dream",M2U,P1,2,4,0,0,5,8,0,0,4,7,10,0,6,9,0,0
"Bullet, Wanted!",Mycin.T,RP,4,8,0,0,7,10,0,0,6,9,11,0,7,11,0,0
"Burn it Down",P'sycho-Remi,T2,4,7,9,0,4,9,0,0,4,8,11,0,5,7,12,0
"Bye Bye Love",3rd Coast,P2,2,8,0,0,6,7,0,0,6,9,11,0,6,8,0,0
"Bye Bye Love ~Nu Jazz Mix~",Electronic Boutique,TR,5,8,11,0,6,10,0,0,6,8,11,0,6,9,11,0
"Can We Talk",Forte Escape,P1,1,7,0,0,7,9,13,0,5,8,11,0,8,9,13,0
"Catch Me",Forte Escape,P1,3,6,0,0,6,0,0,0,7,8,0,0,8,12,0,0
"Catch You",Forte Escape,TR,3,8,0,13,6,8,10,0,4,8,0,13,6,8,12,0
"Chain of Gravity",Tsukasa,P2,5,12,0,14,5,10,0,0,7,10,12,14,6,12,0,0
"Chemical Slave",XeoN,RP,5,11,0,14,6,0,11,0,6,12,0,15,3,8,14,0
"Cherokee",xxdbxx,P2,5,8,0,0,7,9,0,14,6,9,13,14,7,10,0,0
"Child of Night",GOTH,RP,6,8,0,15,7,9,12,0,7,10,12,15,7,9,12,0
"Chrono Breakers",NieN,P1,5,7,11,13,7,10,0,0,7,12,0,13,8,12,0,0
"Closer",3rd Coast,CE,3,0,8,0,3,8,0,0,3,6,0,0,4,8,0,0
"CnP",CRooFE,P1,3,8,12,0,4,9,12,14,4,9,12,0,5,10,12,14
"Coastal Tempo",3rd Coast,CE,5,7,11,0,3,8,12,0,4,7,11,13,4,8,11,14
"CODE NAME : ZERO",NeLiME,CY,5,12,0,15,6,12,15,0,5,12,13,15,6,12,14,0
"Color",CLAZZIQUAI,CE,5,0,11,0,5,10,0,15,7,0,11,14,5,9,12,0
"Colours of Sorrow",Tsukasa,BS,4,0,11,13,6,9,12,0,5,9,12,13,6,9,13,0
"conflict",Cranky + siromaru,CY,5,11,14,0,6,12,0,15,4,11,14,15,7,11,14,0
"Cosmic Elevator",Forte Escape,ES,4,8,0,0,5,10,0,0,6,12,0,0,6,12,0,0
"Cosmic Fantastic Lovesong",DINY,T2,2,5,9,12,3,8,11,0,3,7,12,0,4,7,11,0
"Cozy Quilt",bermei.inazawa,T2,3,9,0,0,2,7,0,13,3,7,0,13,3,7,12,0
"Creator",CLAZZIQUAI,CE,2,7,13,0,1,5,11,0,5,9,0,14,1,10,0,14
"Cyberozar",sakuzyo,CHU,5,0,12,0,6,11,0,15,5,0,13,0,9,0,14,0
"Cypher Gate",7 Sequence,BS,5,8,0,14,7,10,0,15,7,10,13,0,7,10,13,15
"D2",FIRST AID,T2,7,0,14,15,6,9,13,15,7,12,15,0,7,11,15,15
"Dance of the Dead",GOTH,RP,6,9,0,15,6,12,14,0,6,11,14,0,6,12,14,15
"DARK ENVY",Sugardonut,CE,6,11,15,0,6,10,14,15,7,10,13,15,6,9,14,0
"Dark Prism",Tsukasa,T3,7,13,0,0,5,12,13,15,5,11,14,15,6,0,13,0
"Dear my Lady",Oriental ST8,T1,5,9,0,14,5,7,10,0,5,7,11,13,4,7,10,0
"Desperado",Croove,BS,5,9,11,0,7,11,0,0,5,8,11,0,7,12,0,0
"Desperado ~Nu Skool Mix~",Paul Bazooka,P3,5,11,0,14,5,10,13,0,6,12,0,0,6,12,0,0
"DIVINE SERVICE",Electronic Boutique,P2,4,7,0,0,4,9,0,14,4,8,12,14,7,10,0,0
"DJMAX",Humming Urban Stereo,T1,2,7,0,0,3,0,8,0,4,8,0,0,4,8,0,0
"Do it",House Rulez,VE,5,8,12,0,7,0,11,0,5,11,0,13,5,11,0,0
"Do you want it",House Rulez,RP,5,8,0,0,7,9,0,13,5,9,0,14,5,11,0,0
"Don't Die",Paul Bazooka,RP,5,10,13,15,7,10,14,0,8,11,14,15,7,10,14,0
"Dreadnought",EarBreaker,P1,6,9,12,15,8,11,0,0,8,0,13,15,8,13,0,0
"Dream",Rabpit,DM,2,0,8,0,3,0,10,0,2,0,11,0,5,8,11,0
"Dream Again",DINY,T3,2,5,9,0,4,7,0,0,4,7,0,0,3,9,10,0
"Dream it",BEXTER,VE,4,8,11,15,4,7,11,0,4,7,10,15,5,8,12,0
"Dream of Winds",XeoN,T2,5,8,12,0,6,10,13,0,4,8,12,15,5,9,12,15
"Dream of You",makou,P2,4,7,11,0,6,10,0,14,5,9,11,14,8,12,0,0
"Dual Strikers",7 Sequence,T2,6,8,0,15,6,9,12,0,6,10,13,0,7,10,13,0
"EGG",Nauts,T3,4,7,10,0,5,10,13,14,5,10,12,0,6,10,13,14
"EGG ~Extended Mix~",Nauts,T3,4,7,11,0,6,10,0,0,5,11,13,0,7,13,0,0
"Elastic Star",Forte Escape,P1,4,7,0,0,6,7,0,0,4,8,0,0,4,7,0,0
"Electronics",CLAZZIQUAI,CE,4,8,11,15,4,8,13,0,5,8,12,0,4,9,13,15
"EMber",SIHanatsuka,CY,5,12,0,0,6,10,0,15,4,10,13,0,6,12,15,15
"Emblem",makou,T3,8,12,14,0,6,9,13,15,8,13,0,15,6,9,14,0
"End of Mythology",Alice Schach and the Magic Orchestra,RP,3,8,12,0,4,0,12,13,5,8,12,13,4,7,12,0
"End of the Moonlight",Forte Escape,P1,3,7,10,0,5,9,0,14,5,9,12,14,7,11,0,0
"Enemy Storm",Croove,P1,2,5,13,14,5,8,0,0,6,8,11,0,5,10,14,14
"Enemy Storm ~Dark Jungle Mix~",Paul Bazooka,P3,8,0,14,0,5,12,15,15,8,0,14,15,7,13,15,0
"Enter The Universe",GOTH,RP,6,9,12,0,7,10,15,15,9,12,14,15,7,10,14,0
"Entrance",Ice,CY,7,0,15,0,7,13,0,0,9,0,15,15,6,12,15,15
"Eternal Fantasy ~유니의 꿈~",XeoN,T2,2,5,0,0,2,5,0,0,3,5,9,0,3,7,0,11
"Eternal Memory ~소녀의 꿈~",M2U,P1,2,6,0,0,3,9,0,0,2,7,0,0,5,7,0,0
"Everything",3rd Coast,P3,3,9,0,13,5,9,0,0,4,9,12,13,6,11,0,0
"Extreme Z4",Forte Escape,P1,3,7,0,0,4,8,0,0,7,9,0,0,8,12,0,0
"Fallen Angel",DJ Mocha,P2,4,9,0,0,4,8,0,0,3,7,10,0,8,10,0,0
"Fallin' in LUV",3rd Coast,T3,3,7,0,12,3,8,10,0,3,6,10,0,5,0,10,13
"Fancy Night",SiNA × CHUCK,VE,2,5,9,13,4,6,9,0,4,7,9,13,6,0,10,0
"Far East Princess",Nauts,RP,5,7,10,12,5,10,0,14,3,9,10,0,5,9,0,0
"Fate",STi,CE,3,7,9,0,3,8,10,0,3,9,0,0,3,7,10,13
"FEAR",Supbaby,P1,4,9,0,0,5,9,12,0,6,12,0,0,8,11,12,0
"Feel",DJ Mocha,ES,4,7,0,12,4,9,0,0,5,0,10,13,6,0,11,0
"Feel Ma Beat",NieN,T3,7,11,14,0,9,11,14,0,8,11,14,14,8,11,14,15
"Fentanest",EarBreaker & Eszett,P2,4,10,0,14,6,9,0,0,7,11,0,15,6,9,0,0
"Fermion",makou,BS,8,11,14,0,7,9,14,0,8,12,14,0,7,10,15,15
"Fever GJ",xxdbxx,P1,3,7,0,0,3,6,0,0,3,7,9,0,7,0,0,0
"Fever Pitch Girl",Nikacha,BS,5,8,0,13,4,7,10,0,6,10,0,0,6,11,0,13
"FIGHT NIGHT (feat. Calyae)",Messier,VE,5,8,13,15,6,10,13,0,6,10,13,0,8,12,14,15
"First Kiss",BJJ,CE,2,4,8,10,2,4,7,0,2,5,7,0,2,4,8,0
"Flea",CLAZZIQUAI,CE,4,9,12,0,4,9,12,0,5,9,12,14,6,0,13,0
"Fly Away",XeoN,RP,3,10,0,0,6,10,0,0,4,0,11,14,6,10,0,0
"For Seasons",makou,P2,1,6,0,0,6,9,0,0,4,7,11,0,5,10,0,0
"For Seasons ~Air Guitar Mix~",Planetboom,TR,3,10,0,0,5,7,10,0,5,0,10,15,5,10,0,0
"For the IKARUS",NieN,P2,4,8,0,0,5,11,0,0,8,0,12,15,6,12,0,0
"Freedom",CLAZZIQUAI,CE,5,7,10,0,5,7,10,0,7,0,11,0,6,8,10,0
"Frontline",B@kamin / M2U,GF,4,8,12,0,6,10,0,14,6,10,0,15,6,9,13,0
"FTR",Supbaby,P1,6,10,0,0,5,10,0,14,8,11,0,0,7,11,0,13
"Funky Chups",Forte Escape,P1,4,8,0,0,5,10,0,0,4,6,0,0,7,0,0,0
"Fury",Sugardonut,T1,4,9,11,0,5,8,12,0,5,9,12,15,5,10,12,15
"Futurism",Forte Escape,P1,4,8,0,0,7,9,0,14,6,8,11,0,8,10,0,14
"Garakuta Doll Play",t+pazolite,CHU,6,13,0,15,9,12,15,0,8,0,15,15,7,12,15,15
"Get Down",BJJ,BS,4,7,9,0,4,9,0,0,4,7,10,12,5,10,0,0
"Get Jinxed",Agnete K,RP,5,8,13,0,5,8,12,14,5,9,11,14,5,8,12,14
"Get on Top",Planetboom,P2,3,7,0,0,6,9,0,0,5,8,12,14,7,10,0,14
"GET OUT",ND Lee,P2,5,8,0,0,4,9,0,0,4,8,13,0,7,10,0,0
"GET OUT ~Hip Noodle Mix~",DJ.EON,TR,6,10,0,0,5,8,12,0,6,9,0,0,5,9,12,0
"Ghost Voices",Virtual Self,RP,4,9,0,0,5,11,0,0,6,10,0,0,6,11,0,0
"Give Me 5",ND Lee,T3,5,0,10,0,5,9,11,0,5,9,0,0,5,9,11,0
"glory day",BEXTER x Mycin.T,RP,8,10,0,13,7,10,0,0,6,11,0,13,7,10,0,13
"glory day (Mintorment Remix)",Mintorment,RP,7,0,14,0,6,12,14,0,7,0,13,15,7,14,0,15
"glory day -JHS Remix-",JHS,RP,5,9,12,14,6,11,13,0,6,10,13,0,6,11,13,15
"Gone Astray",makou,P3,8,0,14,15,6,11,14,0,8,12,14,15,6,12,14,0
"Good Bye",Ruby Tuesday,P2,5,7,0,14,4,9,0,0,7,0,12,14,6,9,0,0
"Good Night, Bad Luck.",t+pazolite,GC,5,0,13,0,6,11,14,15,8,11,14,0,7,12,14,15
"Got more raves?",E.G.G.,GC,4,7,12,0,6,10,13,15,5,10,12,15,6,10,13,0
"Grave Consequence",Tsukasa,BS,6,10,14,0,6,10,13,0,7,12,0,15,7,10,14,0
"Grid System",Tsukasa,RP,5,9,14,0,4,9,13,15,6,0,13,15,5,9,13,0
"Groove Prayer",COSIO,GC,3,5,8,15,5,8,11,0,5,0,11,0,4,9,11,14
"Groovin Up",Mycin.T,RP,3,6,0,0,5,9,0,0,5,8,11,0,5,9,0,0
"HAMSIN",makou,P1,9,0,15,15,6,9,13,0,9,12,14,0,6,9,14,15
"Hanz Up!",Mr.Funky,P3,6,0,13,0,5,0,13,15,4,12,0,15,6,12,0,0
"HB-axeleration",Tsukasa Yatoki,GC,2,6,12,0,4,8,12,0,4,11,0,0,6,9,12,0
"Heart of Witch",ReX,BS,7,12,14,0,7,11,15,15,7,12,14,15,8,12,15,15
"Heavenly",makou,RP,5,7,0,0,4,8,0,0,5,9,12,0,4,9,0,0
"Hello Pinky",NieN,P2,5,8,0,0,5,10,0,12,7,11,0,0,6,11,0,12
"Here in the Moment",Ruby Tuesday,CE,4,7,10,14,4,8,10,14,6,8,10,0,5,0,10,14
"Here in the Moment ~Extended Mix~",Ruby Tuesday,CE,4,6,9,14,5,8,11,0,6,9,12,0,5,8,11,14
"HEXAD",Electronic Boutique,T1,5,10,13,14,5,9,12,15,5,9,12,15,6,10,13,0
"Higher",Supbaby,P2,4,8,0,14,6,12,0,0,6,9,0,14,4,8,13,0
"Holy Orders (Be Just Or Be Dead)",Daisuke Ishiwatari,GG,4,9,11,14,6,8,11,0,6,9,12,0,6,10,11,15
"Honeymoon",Humming Urban Stereo,T1,3,5,8,0,4,0,8,0,4,8,0,0,3,9,0,0
"I want You",Lin-G,T1,3,6,8,14,3,8,10,0,5,8,11,13,4,9,11,0
"I want You ~반짝★반짝 Sunshine~",Studio LAY-BACK,RP,3,7,12,0,6,9,12,0,5,10,12,14,6,10,12,13
"IF",Vanilla Unity,P3,3,6,10,0,5,12,0,0,3,8,11,0,6,10,12,14
"Ikazuchi",Takenobu Mitsuyoshi,CHU,8,0,15,0,8,0,15,15,6,13,15,15,7,13,15,15
"In my Dream",ND Lee,BS,5,10,14,0,8,11,14,15,5,11,14,15,8,10,15,0
"In My Heart",Tsukasa,CE,3,7,10,0,4,7,10,0,4,8,10,13,3,7,11,13
"JBG",Croove,P1,7,11,0,0,7,11,0,15,7,10,12,15,12,0,0,0
"Jealousy",3rd Coast,BS,3,7,0,12,3,7,9,0,4,0,9,0,3,8,9,0
"Jupiter Driving",xxdbxx,P1,5,9,0,13,5,11,0,0,5,8,0,14,7,12,0,0
"Kensei",Pure 100%,VE,7,10,14,0,8,12,14,15,7,11,14,15,8,12,14,0
"Keys to the World",Planetboom,BS,5,8,12,14,6,9,13,0,6,11,0,15,6,10,13,0
"KILLER BEE",GOTH,RP,4,6,11,15,7,11,0,0,8,9,13,0,7,13,0,15
"Kingdom",Phantom sage,RP,5,0,11,0,5,7,0,0,5,0,8,0,6,11,0,0
"Knowledge System",Forte Escape,ES,6,10,0,15,7,11,13,0,7,10,13,0,7,10,13,15
"KUDA",Gonzo,P1,8,11,0,14,5,9,0,0,8,12,0,15,10,0,0,0
"Kung Brother",Paul Bazooka,RP,6,9,0,0,6,11,0,0,8,10,13,0,6,11,0,0
"Kung-Fu Rider",AstroKid,T3,6,9,0,13,6,10,0,14,6,10,0,14,6,10,12,0
"L",Ice,CY,3,12,0,15,5,0,14,0,6,12,15,15,8,0,15,15
"La Campanella : Nu Rave",Cranky,T2,6,9,13,14,7,13,0,14,7,0,13,0,7,11,13,14
"Ladymade Star",ESTi,P2,2,6,10,0,3,8,0,0,5,8,10,0,5,8,0,0
"Landscape",Tsukasa,T1,6,9,0,0,6,8,11,14,5,9,12,15,7,9,13,15
"Leave me alone",NieN,P3,7,10,13,0,7,11,13,15,8,12,14,15,6,12,14,15
"Legacy",switchworks,DM,3,7,9,0,4,8,0,0,4,8,0,13,4,8,11,13
"Lemonade",M2U,P1,8,0,0,14,6,13,0,0,7,10,0,15,8,13,0,0
"Les Parfums de L'Amour",naotyu-,CY,4,0,13,0,7,0,13,0,5,0,12,0,8,14,0,0
"Let's Go Baby",3rd Coast,P1,2,5,0,0,6,8,0,0,3,7,10,0,9,0,0,0
"Liar",zts,RP,6,9,0,15,8,12,0,0,8,10,13,15,8,13,0,0
"Lift You Up",makou,RP,2,5,0,0,4,7,0,0,3,7,0,0,4,7,0,0
"Light House",xxdbxx,P1,4,9,0,0,4,11,0,0,6,8,11,0,7,12,0,0
"Lisrim",onoken,VE,6,8,14,0,6,9,13,15,5,8,13,15,6,10,14,0
"Long Vacation",ESTi,P1,4,8,0,0,3,6,0,13,5,9,0,0,7,0,0,13
"Lost n' found",bermei.inazawa,P2,3,7,0,0,6,8,0,0,5,9,0,0,7,9,0,0
"Lost Serenity",Benicx,VE,4,7,10,0,4,8,11,0,4,7,11,0,6,11,0,0
"Lost Temple",IMLAY,VE,5,8,0,15,3,8,11,0,5,8,10,15,5,7,12,0
"Love is Beautiful",Electronic Boutique,T2,4,5,7,0,5,8,0,12,4,7,9,0,5,9,0,12
"Love Mode",CLAZZIQUAI,CE,3,8,0,11,2,6,9,0,4,9,0,13,2,6,10,0
"Lovely hands",Planetboom,BS,4,0,10,0,5,9,11,0,3,10,0,13,6,9,11,13
"Lover (BS Style)",ND Lee,BS,5,7,12,13,5,10,0,14,4,8,11,0,5,8,10,0
"Lover (CE Style)",ND Lee,CE,5,8,10,0,5,11,0,13,5,8,11,0,4,8,10,14
"Luv Flow",3rd Coast,P1,1,5,0,0,3,6,0,0,1,5,0,0,6,8,0,0
"Luv Flow ~Funky House Mix~",Paul Bazooka,P3,3,0,11,0,4,9,0,13,4,8,11,0,5,12,0,0
"Luv is True",3rd Coast,P3,4,8,0,13,3,8,10,0,4,11,0,0,5,9,11,0
"Magnolia",M2U,DM,6,10,13,14,6,10,11,14,6,11,13,14,7,11,13,0
"Maharajah -fenomeno edition-",Alice Schach and the Magic Orchestra,VE,3,5,10,13,5,9,11,13,5,7,11,14,6,9,12,0
"Mammal",Teikyou,CY,6,12,15,0,6,12,15,15,6,12,14,0,8,12,15,15
"Marionette",Daisuke Ishiwatari,GG,5,9,13,0,7,12,0,15,6,10,13,15,8,0,13,0
"Marry me, Nightmare",t+pazolite,GC,6,11,13,0,7,0,14,15,7,11,13,0,8,12,14,0
"MASAI",Croove,P1,4,7,11,0,5,8,12,0,7,10,12,0,10,0,0,0
"MASAI ~Electro House Mix~",Croove,P3,5,11,0,14,5,11,0,14,7,12,0,0,6,12,0,14
"Mellow D Fantasy",NieN,P3,2,0,11,0,3,0,11,13,4,11,0,0,5,11,0,13
"Melody",bermei.inazawa,T1,5,8,11,0,5,8,11,15,4,8,12,0,5,10,12,14
"Memoirs",M2U,P2,4,7,0,13,7,10,0,13,6,9,11,0,7,10,0,0
"Memory of Beach",M2U,P1,6,11,0,0,7,12,0,13,6,9,12,0,8,0,13,12
"Mess it Up",Nauts,P2,5,9,0,0,4,9,0,14,9,12,0,14,6,10,0,0
"Midnight Blood",NieN,P2,6,13,0,0,6,13,0,14,7,10,13,0,6,9,13,14
"Miles",Electronic Boutique,P2,4,10,0,13,5,10,13,0,4,9,13,14,4,11,13,0
"Mind Control",NieN,TR,8,10,13,0,9,11,0,15,9,12,14,0,9,11,14,15
"Minimal Life",EarBreaker,P1,5,7,0,0,7,9,0,0,8,12,0,0,8,10,14,0
"Minus 3",Croove,P2,8,11,0,14,6,12,0,0,10,0,13,0,7,12,0,15
"Misty Er'A",Mycin.T × jam-jam,VE,3,6,10,0,3,7,10,0,4,9,0,15,5,7,10,0
"MonoXide",Planetboom,T2,5,9,12,0,6,12,0,0,6,9,12,14,5,12,0,0
"Move Yourself",IMLAY / YESEO,VE,2,4,7,0,4,6,9,0,5,7,10,0,4,7,11,0
"Mulch",Sampling Masters MEGA,RP,6,12,0,0,7,0,14,15,8,12,14,15,7,0,15,0
"My Alias",Dayz,P2,6,9,0,0,6,9,12,0,6,9,14,0,5,10,0,0
"My Heart, My Soul",3rd Coast,T3,2,6,0,0,5,7,0,0,4,7,10,0,4,10,0,0
"My Jealousy",3rd Coast,TR,4,7,10,0,6,8,0,0,6,8,12,0,6,8,12,0
"Myosotis",M2U,CY,5,10,13,0,6,12,0,15,5,10,13,0,7,0,14,0
"NANAIRO",HAYAKO,VE,3,8,11,14,5,8,12,0,5,8,12,14,5,9,13,0
"NANO RISK",Dayz,P2,7,0,0,0,7,11,0,0,6,9,12,0,7,11,0,0
"NB Girls",NieN,TR,6,9,0,0,7,0,12,15,5,9,11,14,7,12,0,0
"NB POWER",NieN,P2,5,7,0,15,6,9,13,0,7,11,13,0,7,10,0,15
"NB RANGER",M2U,P1,8,12,0,0,7,12,0,15,7,10,13,15,9,13,0,0
"NB RANGER - Virgin Force",NieN,RP,5,10,0,15,7,12,15,0,7,12,14,15,7,11,15,0
"NB Ranger : Nonstop Remix",Paul Bazooka,P3,6,0,13,0,6,0,14,0,6,0,13,0,5,11,14,15
"NB Rangers -Returns-",NieN,P2,5,9,0,15,7,11,0,0,9,11,13,0,7,13,0,15
"Negative Nature",Electronic Boutique,P2,4,8,0,0,4,7,0,13,7,12,0,14,4,8,0,0
"NEON 1989 (ESTi Remix)",OREO,RP,4,7,0,0,3,7,0,0,4,7,0,0,5,9,0,0
"Never Die",Paul Bazooka,VE,5,9,14,0,7,10,14,15,6,10,14,0,6,11,14,15
"Never Say",ND Lee,P1,3,6,0,0,6,7,0,14,2,7,12,0,8,0,0,14
"Nevermind",Paul Bazooka,RP,7,10,13,0,7,11,0,15,7,10,13,15,6,10,15,0
"Nightmare",M2U,P2,9,12,0,15,8,13,15,15,8,13,15,0,8,12,15,15
"Nine Point Eight",Mili,DM,5,8,12,0,5,9,12,13,6,9,12,0,7,11,0,14
"Nova ~Mr.Funky Remix~",Mr.Funky,T2,5,7,0,13,6,10,0,13,7,10,12,0,6,0,12,0
"Now a NEW Day",Sui.Jay,T3,3,7,10,14,5,8,11,0,5,9,11,13,5,8,11,0
"OBLIVION",ESTi,P1,3,6,11,0,7,0,11,0,3,8,11,0,6,12,0,0
"OBLIVION ~Rockin' Night Style~",NieN,P1,3,8,12,0,4,10,13,15,7,9,13,0,6,10,14,15
"Old Gold",Cranky,CY,6,11,0,13,6,11,13,0,5,10,13,0,6,11,13,14
"ON",ND Lee,P1,3,5,0,0,2,6,0,0,6,10,0,0,7,0,0,0
"One the Love",xxdbxx,P1,2,5,0,0,6,8,0,0,3,6,11,0,7,8,0,0
"Only for you",NieN,RP,1,4,9,11,5,7,10,0,4,7,11,12,5,7,10,12
"OPEN FIRE",JC,RP,4,7,0,0,4,8,0,0,5,7,0,0,5,8,0,0
"ouroboros -twin stroke of the end-",Cranky vs MASAKI,GC,7,12,15,15,7,13,15,15,8,13,15,15,8,12,15,0
"Out Law",Croove,P1,5,12,0,0,7,12,0,14,7,11,13,14,8,12,0,0
"Out Law : Reborn",Mr.Funky,P3,7,10,13,14,5,10,14,0,7,10,14,15,6,11,14,15
"Out of CTRL",Mr.Funky,T3,7,10,13,15,7,11,0,15,8,13,0,0,6,10,13,15
"OVER THE NIGHT",REDALiCE,GC,5,8,0,14,6,9,0,0,5,0,11,15,7,12,0,0
"Over the Rainbow",Tsukasa,T3,7,12,0,15,5,9,12,0,7,10,12,15,7,13,0,0
"Over Your Dream",xxdbxx,RP,5,11,0,0,5,11,0,0,5,10,11,0,7,12,0,0
"Para-Q",Forte Escape,P1,3,10,0,0,6,8,0,0,7,10,0,0,10,0,0,0
"PDM",Trish,BS,3,7,10,0,4,7,9,0,3,10,0,14,4,9,0,12
"Phantom Of Sky",M2U,P2,3,7,10,0,4,7,0,12,5,10,0,12,4,8,0,0
"plastic method",zts,P2,5,8,0,13,8,12,0,0,8,12,0,14,8,12,0,0
"Play the Future",Urbatronic Chopsticks,T1,4,9,0,14,4,7,10,0,6,10,0,0,5,0,10,0
"POP/STARS",K/DA,RP,5,9,12,0,5,8,12,15,5,8,11,14,5,9,13,14
"Put'Em Up",makou,T2,2,5,8,0,5,9,0,0,3,6,9,0,5,10,0,13
"Puzzler",Electronic Boutique,T2,5,0,10,0,4,10,0,13,4,11,0,0,5,9,12,0
"quixotic",bermei.inazawa,RP,7,12,0,15,7,11,0,0,6,0,13,15,7,11,13,0
"Rage Of Demon",NieN,T2,6,11,15,15,8,11,15,0,8,12,15,15,8,13,15,15
"Raise me up",Planetboom,P3,4,11,0,0,4,0,11,13,4,11,0,13,5,10,12,0
"Ray of Illuminati",ESTi,P1,4,7,13,0,6,8,13,15,7,10,13,0,8,11,0,14
"Ray Tuning",NayutalieN,CHU,5,12,0,0,6,13,0,0,6,13,0,0,7,13,0,0
"Ready Now",Ruby Tuesday,BS,4,8,0,12,4,7,9,13,4,7,10,0,5,0,9,13
"Real Over Drive",NieN,ES,7,0,12,0,6,11,0,14,7,13,0,0,7,13,0,15
"RED",Croove,P1,4,6,0,0,5,13,0,0,6,9,12,0,8,13,0,0
"Remains Of Doom",NieN,RP,7,13,0,0,6,9,14,15,9,12,15,0,6,10,13,15
"Remember",Lin-G,T1,3,8,10,0,4,7,10,0,4,7,11,0,5,0,11,13
"Remember Me",NieN,VE,7,10,12,0,6,10,13,15,7,11,13,0,7,11,14,15
"REVENGE",ND Lee,P1,5,0,11,0,3,7,0,14,8,12,0,0,10,0,0,15
"Right Back",TANUKI,T3,8,11,14,0,8,0,13,0,7,10,14,0,5,10,14,15
"Right Now",makou,P2,1,5,0,0,4,8,0,0,4,8,11,0,6,9,0,0
"Rising The Sonic",Dayz,RP,4,9,12,0,5,10,13,14,5,9,13,15,5,10,14,0
"Road Of Death",NieN,P1,4,9,0,15,7,13,0,15,8,11,15,0,7,14,0,0
"Rock Or Die",NieN,P1,6,0,0,15,6,9,0,0,6,10,12,0,6,9,0,15
"Rocka-a-doodle-doo",makou,P2,3,9,0,0,4,8,0,0,7,11,0,0,5,9,12,0
"RockSTAR",Mr.Funky,RP,5,9,0,0,4,11,0,0,4,11,0,0,3,7,13,0
"Rolling On the Duck",NieN,P2,7,13,0,0,7,10,14,15,8,11,14,0,7,10,14,15
"Royal Clown",bermei.inazawa,RP,6,8,14,0,7,11,0,15,7,10,13,15,7,10,14,0
"Runaway",LeeZu,RP,6,10,0,0,8,11,0,15,9,11,12,15,8,13,0,0
"Running girl",Mycin.T,RP,5,7,0,13,5,9,0,0,4,10,12,13,6,10,0,0
"Ruti'n",BEXTER,BS,4,10,0,0,5,8,11,0,4,9,11,0,5,10,0,0
"Ruti'n (GOTH Wild Electro Remix)",GOTH,RP,6,10,0,0,4,10,0,0,7,10,13,0,7,12,0,0
"Sad Machine",Porter Robinson,RP,3,5,8,0,5,7,10,12,4,7,10,13,5,7,10,0
"Sairai",Shinichi Kobayashi,DM,3,0,8,12,3,6,9,0,5,0,9,12,5,7,12,0
"Satisfiction",t+pazolite,GC,5,8,0,14,6,9,11,14,7,11,14,0,5,10,13,0
"Save My Dream",Forte Escape,P1,1,4,0,0,2,4,0,0,2,5,9,0,5,8,0,0
"Say it from your heart",makou,T2,3,5,10,0,4,8,10,0,3,8,0,13,4,9,0,0
"Season (Warm Mix)",makou,P3,2,6,0,0,3,6,0,0,3,6,0,0,5,0,9,0
"Secret Dejavu",DINY,RP,4,6,10,14,5,10,0,0,6,8,11,15,5,10,0,0
"Secret World",Sweetune,BS,4,7,10,0,3,8,0,0,4,7,10,0,4,0,9,0
"Seeker",M2U,P2,5,9,0,15,8,0,14,0,5,9,13,15,7,13,0,0
"Shadow Flower",ned,RP,3,6,0,0,6,9,0,0,5,11,0,13,6,9,0,0
"Shoot out",Tsukasa,CY,3,8,12,0,4,11,13,0,4,10,13,0,5,9,13,0
"Shoreline",Oriental ST8,T1,4,8,10,0,6,11,0,0,6,11,0,14,6,8,12,14
"Showdown",LeeZu,T3,6,9,13,0,6,8,0,14,5,11,14,0,6,10,13,15
"Showtime",Ruby Tuesday,P2,6,10,0,13,6,9,0,0,8,12,0,0,6,10,0,14
"SigNalize",Paul Bazooka,T3,6,8,10,0,7,9,0,14,7,0,12,14,6,10,14,0
"SIN",ESTi,P1,3,6,11,15,7,10,0,15,7,10,14,0,9,12,15,0
"SIN ~The Last Scene~",ESTi,P1,7,12,14,15,7,12,0,0,8,12,14,15,8,14,0,0
"Smoky Quartz",makou,P2,3,6,0,14,7,10,0,0,6,0,11,14,7,14,0,0
"So Happy",Raven & Kreyn,RP,5,0,10,0,5,9,0,0,4,7,11,0,5,10,12,0
"sO mUCH iN LUV",3rd Coast,P2,1,6,0,0,3,6,0,0,4,7,11,0,7,0,0,0
"sO mUCH iN LUV ~Melodic Twisted Mix~",Forte Escape,TR,5,8,0,0,5,8,0,0,4,7,10,0,6,8,10,0
"Someday",NieN,TR,3,5,9,13,4,8,10,0,5,7,11,14,4,6,10,0
"SON OF SUN",Hosoe Shinji,T1,7,10,14,0,7,10,14,15,7,11,14,0,7,10,15,15
"SON OF SUN ~Extended Mix~",Hosoe Shinji,T1,7,10,14,0,7,10,15,0,7,11,14,0,8,11,15,0
"Space Challenger",Bagagee Viphex13,VE,4,10,0,0,5,8,12,15,5,9,12,15,5,11,0,0
"Space of Soul",M2U,ES,6,10,14,0,7,12,14,15,7,12,14,15,7,12,14,0
"SQUEEZE",Oriental ST8,P2,4,9,0,15,7,11,0,0,8,10,12,0,7,12,0,14
"STALKER",ND Lee,P2,5,10,0,0,7,9,0,15,6,10,12,14,8,0,15,0
"StarFish",Planetboom,P2,6,9,0,0,7,10,0,0,6,10,0,0,6,9,0,0
"Stay with me",Ruby Tuesday,P2,2,4,0,0,4,7,0,0,3,7,0,0,7,9,0,0
"STOP",3rd Coast,TR,6,10,0,0,8,0,13,14,7,9,11,0,6,9,13,0
"Streetlight",Nauts,TR,2,7,0,12,3,6,0,0,5,9,0,0,4,8,0,11
"Sunny Side",Croove,P1,4,8,0,0,5,9,0,0,5,8,11,0,9,0,0,0
"Sunny Side ~Deepn' Soul Mix~",makou,P1,7,10,0,13,7,11,0,0,7,0,11,13,8,10,0,0
"Sunset Rider",Nauts,P2,5,9,0,0,6,10,0,0,5,7,11,0,6,9,0,0
"Super Lovely",EarBreaker,ES,7,11,15,0,6,12,15,15,6,11,15,15,6,12,15,0
"SuperNova",Cranky,T3,5,0,11,0,6,0,12,15,5,9,13,0,6,0,14,15
"SuperSonic",Planetboom,T1,4,7,11,0,5,8,12,14,6,9,12,0,6,10,13,0
"SuperSonic ~Mr.Funky Dirty Planet Remix~",Mr.Funky,P3,6,9,13,0,6,10,13,14,5,10,12,14,5,10,13,0
"Supersonic 2011",Planetboom / Sound LAB,T3,6,12,0,15,7,11,0,15,7,12,0,0,5,10,14,0
"Sweet Dream",Lin-G,T2,4,6,10,0,3,5,8,13,4,7,11,13,5,11,0,0
"Sweet Shining Shooting Star",Croove,T1,3,8,10,12,3,6,10,0,6,0,10,13,6,0,11,0
"Syriana",BEXTER,P2,6,9,0,0,6,9,0,14,6,9,13,0,5,9,0,14
"Syriana ~Blast Wave Mix~",DJ.EON,TR,8,10,0,0,8,10,12,0,8,11,0,14,8,10,13,0
"Talk! Talk!",xxdbxx,TR,5,10,13,0,6,8,13,0,8,11,13,0,7,9,12,0
"Tell Me",이궐,CE,1,6,0,0,2,5,9,0,3,6,8,0,1,8,0,0
"Temptation",S-TRO,P1,4,10,0,0,4,10,0,0,6,0,12,0,9,0,0,0
"The Clear Blue Sky",Tsukasa,CE,4,9,13,0,6,8,13,15,6,9,13,14,4,10,13,14
"The Feelings",Supbaby,RP,5,7,0,0,6,9,0,0,6,10,0,0,6,10,0,0
"The Guilty",P'sycho-Remi,T2,4,7,12,0,6,10,13,14,7,12,0,0,7,0,13,15
"The Last Dance",Urbatronic Chopsticks,T1,4,0,8,11,5,11,0,0,5,10,0,0,4,0,12,0
"The Lost Story",NEOWIZ Bless Soundteam,RP,1,4,0,0,4,8,0,0,2,7,0,0,4,7,0,0
"The Night Stage",CLAZZIQUAI,CE,3,6,0,12,3,7,0,0,3,8,0,0,3,7,10,0
"The Obliterator",GOTH,RP,5,8,0,14,7,11,0,0,8,0,13,0,7,11,0,14
"The One",Paul Bazooka,TR,5,10,0,14,5,9,11,0,7,10,12,0,6,9,12,0
"The Rain Maker",Paul Bazooka,P3,7,0,13,15,5,11,13,0,5,0,13,14,5,13,0,0
"The wheel to the right",Sampling Masters MEGA,CHU,6,11,14,0,7,13,0,15,6,12,15,15,6,13,15,0
"Thor",XeoN,T1,7,11,14,0,6,10,14,0,6,11,14,15,7,11,14,15
"Thor ~Extended Mix~",XeoN,T2,5,11,14,0,6,10,15,0,6,11,14,0,8,0,14,15
"Tok! Tok! Tok!",STARTRACK,RP,4,7,0,0,4,7,0,0,4,6,10,0,5,8,11,0
"Trip",NieN,T2,1,4,6,11,2,5,8,0,3,5,8,0,3,5,8,0
"Triple Zoe",Forte Escape,P1,4,12,0,0,6,11,0,14,8,12,0,14,10,13,0,0
"Trrricksters!!",s-don vs. Hino Isuka,CHU,6,0,14,15,8,13,15,0,8,12,15,15,8,13,15,15
"U.A.D",HAYAKO,RP,3,6,0,0,5,10,0,15,6,8,11,0,8,0,12,13
"Undo",Yuk-cheung Chun,DM,4,9,0,0,5,7,10,0,4,7,10,0,4,8,10,0
"Urban Night [ES]",Electronic Boutique,ES,5,13,0,0,5,12,0,14,6,0,13,15,6,0,13,0
"Urban Night [CE]",hYO,CE,4,8,0,0,5,8,0,0,3,8,0,0,3,0,8,0
"Utopiosphere",Mili,DM,4,6,10,0,4,8,0,13,4,8,12,0,5,11,0,12
"v o l d e n u i t",Cuve,RP,5,9,12,15,4,9,12,0,5,9,12,15,6,9,13,0
"Ventilator",Cycle75,TR,9,11,15,0,9,11,14,0,9,12,14,15,9,12,14,15
"Ververg",onoken,CY,4,0,9,13,4,0,12,14,4,10,0,0,4,12,0,0
"Vile Requiem",GOTH,VE,7,13,0,0,6,10,13,0,5,10,13,15,6,10,14,0
"Void",Kobayashi Tetsuya,RP,3,7,11,0,5,11,0,0,5,10,0,0,5,11,0,0
"Voyage",makou,T1,6,9,0,0,5,10,0,0,3,7,11,0,5,11,0,0
"waiting for me",Croove,RP,3,8,0,0,4,8,0,0,4,9,0,0,5,9,0,0
"Waiting for the Sun",MindCube,P3,4,0,10,13,5,11,0,0,5,10,0,0,5,11,0,0
"Waiting for you",Mycin.T,RP,4,8,0,14,6,10,0,0,6,12,0,14,7,11,0,0
"Wanna Be Your Lover",Laurent Newfield & Ravenant,T3,1,4,7,0,5,8,0,0,4,0,10,0,4,10,0,0
"Warrior",Cranky,GC,7,11,14,0,5,11,15,0,6,11,14,15,6,11,14,15
"Watch Your Step",XeoN,RP,4,0,12,0,5,8,0,14,3,0,10,14,3,6,13,0
"welcome to the space (feat. Jisun)",Pory,VE,3,6,9,0,4,8,11,14,4,0,10,0,4,9,11,14
"We're All Gonna Die",Paul Bazooka,RP,8,12,14,0,8,13,0,15,11,13,15,15,8,13,15,0
"What am I fighting for?",Haloweak,GF,3,7,0,14,4,10,0,15,4,0,12,0,6,12,0,0
"WhiteBlue",zts,P2,7,9,13,0,6,10,13,15,7,11,13,15,8,11,13,0
"WHY",Nauts,RP,3,7,0,0,5,10,0,0,2,7,10,0,4,7,0,0
"WONDER $LOT 777",MYUKKE.,VE,5,10,14,0,7,10,13,15,7,9,14,15,7,11,14,0
"Xeus",XeoN,T3,6,11,13,0,8,11,14,0,7,11,14,15,6,11,14,15
"XLASHER",Hosoe Shinji,T2,4,8,11,0,5,10,13,15,4,8,13,0,6,10,13,0
"Y (BS Style)",ND Lee,BS,5,8,11,13,4,7,0,13,4,8,12,0,4,8,12,0
"Y (CE Style)",ND Lee,CE,5,8,11,14,5,10,0,0,5,8,11,0,5,9,13,0
"Y ~Extended Mix~",ND Lee,T2,6,0,12,14,6,10,12,0,6,9,12,0,6,10,13,0
"Ya! Party!",Forte Escape,P1,4,8,0,0,5,10,0,0,5,8,12,0,9,0,0,0
"Yellowberry -AJ Mix-",Forte Escape,P2,4,7,0,0,3,6,0,0,5,9,0,0,4,11,0,0
"Yo Creo Que Si",makou,P2,6,9,0,0,6,9,0,0,8,0,12,0,7,9,0,0
"Yo Creo Que Si ~Live House Version~",BEXTER,TR,7,9,12,0,7,9,0,14,6,8,12,14,7,9,11,14
"Yo! Max!",ND Lee,ES,2,8,0,0,4,8,0,0,4,0,8,0,4,8,0,0
"You & Me",NieN,T3,3,5,7,12,4,8,0,12,3,7,10,0,3,7,10,0
"Your Own Miracle",Ruby Tuesday,P2,3,9,0,0,3,6,11,15,6,10,12,0,7,10,13,15
"Your Own Miracle ~Disco House Mix~",makou,TR,4,8,10,0,5,11,0,0,6,0,11,0,3,8,0,14
"Your Smile",Cistrans (RoseLine),P3,4,9,0,0,4,8,0,13,4,10,0,13,6,11,0,0
"YUBIKIRI-GENMAN",Mili,DM,5,10,0,0,5,0,11,0,4,0,10,0,4,0,10,12
"ZET",BEXTER,TR,7,10,0,0,7,10,0,15,7,9,13,0,8,11,13,14
"ZET ~Mr.Funky Remix~",Mr.Funky,P3,5,12,0,0,6,0,12,15,5,11,0,14,5,0,13,0
